marketId,chainId,collateral_symbol,collateral_address,loan_symbol,loan_address,borrow_usd,collateral_usd
0x64d65c9a2d91c36d56fbc42d69e979335320169b3df63bf92789e2c8883fcc64,1,cbBTC,0xcbB7C0000aB88B473b1f5aFd9ef808440eed33Bf,USDC,0xA0b86991c6218b36c1d19D4a2e9Eb0cE3606eB48,236482433.29088584,448307368.638397
0xe7e9694b754c4d4f7e21faf7223f6fa71abaeb10296a4c43a54a7977149687d2,1,wstETH,0x7f39C581F595B53c5cb19bD0b3f8dA6c935E2Ca0,USDT,0xdAC17F958D2ee523a2206206994597C13D831ec7,140839852.39002335,448034583.1120044
0x3a85e619751152991742810df6ec69ce473daef99e28a64ab2340d7b7ccfee49,1,WBTC,0x2260FAC5E5542a773Aa44fBCfeDf7C193bc2C599,USDC,0xA0b86991c6218b36c1d19D4a2e9Eb0cE3606eB48,125101894.89464882,233592317.90379962
0x41c41d0c9aadbf4751f5ee215ed5a16954a4b34e1b70fca5393d4b08858fa3fa,1,PRIME,0x19ebb35279A16207Ec4ba82799CC64715065F7F6,PYUSD,0x6c3ea9036406852006290770BEdFcAbA0e23A0e8,91280012.94720942,119950403.22364755
0x15bb2a6af0c909eed19fb1f2ceeead34ecbdcba626de752c6b09389ee14eec32,1,kBTC,0x73E0C0d45E048D25Fc26Fa3159b0aA04BfA4Db98,RLUSD,0x8292Bb45bf1Ee4d140127049757C2E0fF06317eD,74221261.28693895,109253302.5429255
0xe51f9aaad25d0e755429cf77076b3c2d37cb1228ed81f8a5482f2102c220eef5,1,kBTC,0x73E0C0d45E048D25Fc26Fa3159b0aA04BfA4Db98,PYUSD,0x6c3ea9036406852006290770BEdFcAbA0e23A0e8,71384816.2938741,103636101.83595972
0xb8fc70e82bc5bb53e773626fcc6a23f7eefa036918d7ef216ecfb1950a94a85e,1,wstETH,0x7f39C581F595B53c5cb19bD0b3f8dA6c935E2Ca0,WETH,0xC02aaA39b223FE8D0A0e5C4F27eAD9083C756Cc2,71069439.1019616,80344078.11965059
0xc9629945524f3fde56c7e8854a6c3d48e76b9d97236abbe73c750fcc7aeb8501,1,syrupUSDC,0x80ac24aA929eaF5013f6436cdA2a7ba190f5Cc0b,PYUSD,0x6c3ea9036406852006290770BEdFcAbA0e23A0e8,67582806.95852321,79058373.1181342
0x88a18b2f4d94e7ad27a381b15531c06abf05a7c99dd5d3c3679875fed6f7e742,1,sUSDe,0x9D39A5DE30e57443BfF2A8307A4256c8797A3497,USDtb,0xC139190F447e929f090Edeb554D95AbB8b18aC1C,66962080.14219916,76516031.8001295
0x3274643db77a064abd3bc851de77556a4ad2e2f502f4f0c80845fa8f909ecf0b,1,sUSDS,0xa3931d71877C0E7a3148CB7Eb4463524FEc27fbD,USDT,0xdAC17F958D2ee523a2206206994597C13D831ec7,51944869.75523096,59635034.52244497
0xa921ef34e2fc7a27ccc50ae7e4b154e16c9799d3387076c421423ef52ac4df99,1,WBTC,0x2260FAC5E5542a773Aa44fBCfeDf7C193bc2C599,USDT,0xdAC17F958D2ee523a2206206994597C13D831ec7,50870828.498121515,83007187.25228722
0x85d59152eeeab7ca024804895b358868d8dd1e134171be400d7792d5604a212c,1,weETH,0xCd5fE23C85820F7B72D0926FC9b05b43E359b7ee,PYUSD,0x6c3ea9036406852006290770BEdFcAbA0e23A0e8,46181621.15444664,79935144.0701514
0xe83d72fa5b00dcd46d9e0e860d95aa540d5ec106da5833108a9f826f21f36f52,1,AA_FalconXUSDC,0xC26A6Fa2C37b38E549a4a1807543801Db684f99C,USDC,0xA0b86991c6218b36c1d19D4a2e9Eb0cE3606eB48,45090068.42021307,75866683.74381058
0x6a7e36eb088bd501d73f7ab4c5b8671358559341a78ce521c9e499dc0bc642b9,1,LBTC,0x8236a87084f8B84306f72007F36F2618A5634494,PYUSD,0x6c3ea9036406852006290770BEdFcAbA0e23A0e8,38935147.84975366,60716205.88289571
0xea4bfb18df0ee6bffb7b3f0270899a8adb92ab6b684709634c8276128813cfd4,1,weETH,0xCd5fE23C85820F7B72D0926FC9b05b43E359b7ee,RLUSD,0x8292Bb45bf1Ee4d140127049757C2E0fF06317eD,38445172.46453185,65274878.999883026
0x90ef0c5a0dc7c4de4ad4585002d44e9d411d212d2f6258e94948beecf8b4c0d5,1,sUSDe,0x9D39A5DE30e57443BfF2A8307A4256c8797A3497,PYUSD,0x6c3ea9036406852006290770BEdFcAbA0e23A0e8,35669227.08475018,41416529.15052155
0xb323495f7e4148be5643a4ea4a8221eef163e4bccfdedc2a6f4696baacbc86cc,1,wstETH,0x7f39C581F595B53c5cb19bD0b3f8dA6c935E2Ca0,USDC,0xA0b86991c6218b36c1d19D4a2e9Eb0cE3606eB48,28468967.696480215,60138085.160426386
0xc0ae375fd761ff19b3f04de5534c0f1ec110f80e1c2ede27c42c1c43c3040394,1,syrupUSDC,0x80ac24aA929eaF5013f6436cdA2a7ba190f5Cc0b,RLUSD,0x8292Bb45bf1Ee4d140127049757C2E0fF06317eD,28315069.52715395,32462171.223301217
0x37e7484d642d90f14451f1910ba4b7b8e4c3ccdd0ec28f8b2bdb35479e472ba7,1,weETH,0xCd5fE23C85820F7B72D0926FC9b05b43E359b7ee,WETH,0xC02aaA39b223FE8D0A0e5C4F27eAD9083C756Cc2,27120798.83032766,30282084.035132036
0xd9e34b1eed46d123ac1b69b224de1881dbc88798bc7b70f504920f62f58f28cc,1,wstUSR,0x1202F5C7b4B9E47a1A484E8B270be34dbbC75055,USDC,0xA0b86991c6218b36c1d19D4a2e9Eb0cE3606eB48,27059212.5542411,993453.8526860519
0x9bc98c2f20ac58287ef2c860eea53a2fdc27c17a7817ff1206c0b7840cc7cd79,1,PT-reUSD-25JUN2026,0x3EAA0F0f0A5d3D595ae4e4b0D27f439d01c3E7b2,USDC,0xA0b86991c6218b36c1d19D4a2e9Eb0cE3606eB48,26384036.94576041,31532804.2719336
0x1590cb22d797e226df92ebc6e0153427e207299916e7e4e53461389ad68272fb,1,wsrUSD,0xd3fD63209FA2D55B07A0f6db36C2f43900be3094,USDC,0xA0b86991c6218b36c1d19D4a2e9Eb0cE3606eB48,25974259.92373009,29170774.303067245
0xe07d416323a1afbfe0bf2fe27ffb549ff565cf5c86d21b79fc60664038e597c9,1,savUSD,0xb8D89678E75a973E74698c976716308abB8a46A4,USDC,0xA0b86991c6218b36c1d19D4a2e9Eb0cE3606eB48,22943808.43649489,29657574.35263832
0x23a7d0ff682b323363fb8ba58327ed87001f6306e09b7fd7413bbe4698e749c8,1,msY,0x890A5122Aa1dA30fEC4286DE7904Ff808F0bd74A,USDC,0xA0b86991c6218b36c1d19D4a2e9Eb0cE3606eB48,21281931.928441547,32612810.943812016
0xd0e50cdac92fe2172043f5e0c36532c6369d24947e40968f34a5e8819ca9ec5d,1,wstETH,0x7f39C581F595B53c5cb19bD0b3f8dA6c935E2Ca0,WETH,0xC02aaA39b223FE8D0A0e5C4F27eAD9083C756Cc2,20183029.60987449,23020395.00349011
0xab3196447663a41382ba4b4d55eab3fa702ee2cf071db224fd72492953040056,1,syrupUSDC,0x80ac24aA929eaF5013f6436cdA2a7ba190f5Cc0b,AUSD,0x00000000eFE302BEAA2b3e6e1b18d08D69a9012a,18997964.463115767,22053985.942641187
0x64d2f82e674b764d618b630297813cd34bdc42a0fa66f92efa2ac8b1efe4bbd5,1,siUSD,0xDBDC1Ef57537E34680B898E1FEBD3D68c7389bCB,msUSD,0xab5eB14c09D416F0aC63661E57EDB7AEcDb9BEfA,17745955.93878781,19970047.208798956
0xdbf4bc065d4e76f4505a523f2bba5e5ccdca94c16d67c3a6ff1dadbcbb26d4aa,1,stcUSD,0x88887bE419578051FF9F4eb6C858A951921D8888,USDT,0xdAC17F958D2ee523a2206206994597C13D831ec7,16634551.969562033,21049966.438856643
0x002278ea242ec722813b4fe3c8eeaa07dbc331c731cc0b4248a1bf0771f933ea,1,PST,0x22aE3D9a738471f405169Af055d31c687087d4c7,USDC,0xA0b86991c6218b36c1d19D4a2e9Eb0cE3606eB48,14370936.204826973,20328064.603528496
0xffd010618ed3cb39bb2c5de0e3e58d3d2ec9f52187a180f29723c31756a939bc,1,cbBTC,0xcbB7C0000aB88B473b1f5aFd9ef808440eed33Bf,RLUSD,0x8292Bb45bf1Ee4d140127049757C2E0fF06317eD,14345879.862505851,30156212.623390652
0xd570c19c0dc0fbe4ab7faf4a37c4150e1c141c8aada8ca3e1b4b6c1b712af93d,1,stUSDS,0x99CD4Ec3f88A45940936F469E4bB72A2A701EEB9,USDC,0xA0b86991c6218b36c1d19D4a2e9Eb0cE3606eB48,13212701.945645774,17696223.89190105
0x4565ac05d38b19374ccbb04c17cca60ca9353cd41824f0803d0fc7704f60eaed,1,reUSD,0x5086bf358635B81D8C47C66d1C8b9E567Db70c72,USDC,0xA0b86991c6218b36c1d19D4a2e9Eb0cE3606eB48,12802694.94344676,14552528.743192436
0xef2c308b5abecf5c8750a1aa82b47c558005feb7a03f4f8e1ad682d71ac8d0ba,1,mF-ONE,0x238a700eD6165261Cf8b2e544ba797BC11e466Ba,USDC,0xA0b86991c6218b36c1d19D4a2e9Eb0cE3606eB48,12095876.983837618,28046794.533118892
0x82053fe2fc3a3d6cb856458948e9c3589e76f20f3a2079606739b517587267ce,1,cbBTC,0xcbB7C0000aB88B473b1f5aFd9ef808440eed33Bf,EURCV,0x5F7827FDeb7c20b443265Fc2F40845B715385Ff2,10173392.362735158,15349052.547889221
0xbbf7ce1b40d32d3e3048f5cf27eeaa6de8cb27b80194690aab191a63381d8c99,1,siUSD,0xDBDC1Ef57537E34680B898E1FEBD3D68c7389bCB,USDC,0xA0b86991c6218b36c1d19D4a2e9Eb0cE3606eB48,9367254.461125538,12707959.173789712
0x582fdc4176da0ab5c65e086603ab9ecd9188e889e16efef6e35854cf14e15065,1,sUSDat,0xD166337499E176bbC38a1FBd113Ab144e5bd2Df7,AUSD,0x00000000eFE302BEAA2b3e6e1b18d08D69a9012a,8766445.502158806,17597449.93598713
0xfd0d72a4f0469598b566b1bc5fe64835f828f90b1fb7d746148c086164cd4cc2,1,AZND,0x52c66B5E7f8Fde20843De900C5C8B4b0F23708A0,USDC,0xA0b86991c6218b36c1d19D4a2e9Eb0cE3606eB48,8609090.585020274,11449710.61473077
0x9c28c8fa039a8df548a7f27adf062d751b0f2e9b9131931810535543adb23291,1,apyUSD,0x38EEb52F0771140d10c4E9A9a72349A329Fe8a6A,USDC,0xA0b86991c6218b36c1d19D4a2e9Eb0cE3606eB48,8439388.557105953,10762895.71531185
0xe1b65304edd8ceaea9b629df4c3c926a37d1216e27900505c04f14b2ed279f33,1,RLP,0x4956b52aE2fF65D74CA2d61207523288e4528f96,USDC,0xA0b86991c6218b36c1d19D4a2e9Eb0cE3606eB48,8370700.611016209,242413.31010419407
0x24852d8d7464402ddcd717415e009d42bf7427d6a8893487f83c75ee0f4a0ea6,1,dCOMP,0x91d14789071e5E195FFC9F745348736677De3292,USDC,0xA0b86991c6218b36c1d19D4a2e9Eb0cE3606eB48,8249093.774503168,21565055.448815424
0xf8c5aa31ea6b2a068a9eddb46dd110cae57bf0f12be9583a3f9a818effecba89,1,PT-USD3-17DEC2026,0x7f47c3e6b2c00fC4eB4d5Ae50d0Ab0Ab6888Eb4D,USDC,0xA0b86991c6218b36c1d19D4a2e9Eb0cE3606eB48,7921946.885520827,11018779.123735905
0x69ef7fd17b42cd7df6d885aee1b11380837afbc1664b25587041cf193b31617b,1,PT-USDat-27AUG2026,0x1D69402390657308C91179aa184bF992908c1e08,USDC,0xA0b86991c6218b36c1d19D4a2e9Eb0cE3606eB48,7435646.895386271,8756582.995818792
0x4fe72543c5c95cd6b5f3cb516cd235ba882e2e705fe3424db6f99dfe5811d0d3,1,cbBTC,0xcbB7C0000aB88B473b1f5aFd9ef808440eed33Bf,USDT,0xdAC17F958D2ee523a2206206994597C13D831ec7,7320894.561804217,14817905.097858878
0xb8fef900b383db2dbbf4458c7f46acf5b140f26d603a6d1829963f241b82510e,1,OETH,0x856c4Efb76C1D1AE02e20CEB03A2A6a08b0b8dC3,USDC,0xA0b86991c6218b36c1d19D4a2e9Eb0cE3606eB48,6860730.880436585,15048193.367507907
0x3fea56ab83b05840dc83dc6b3d2f2fbd938147cbaa8126bac529e6c820058253,1,PT-reUSD-25JUN2026,0x3EAA0F0f0A5d3D595ae4e4b0D27f439d01c3E7b2,USDT,0xdAC17F958D2ee523a2206206994597C13D831ec7,6838532.99635444,8475344.208802814
0xa75bb490ecfee90c86a9d22ebc2dde42fb83478b3f18722b9fc6f5f668cab124,1,PT-apyUSD-18JUN2026,0x3365554a61CeFF74A76528f9e86C1E87946d16a5,USDC,0xA0b86991c6218b36c1d19D4a2e9Eb0cE3606eB48,6144301.7551694745,8733158.3206099
0x45671fb8d5dea1c4fbca0b8548ad742f6643300eeb8dbd34ad64a658b2b05bca,1,cbBTC,0xcbB7C0000aB88B473b1f5aFd9ef808440eed33Bf,USDT,0xdAC17F958D2ee523a2206206994597C13D831ec7,6026096.075648433,9606215.362955494
0x34377fc4f617c51818e92c79df31ff270c6a91bc94ad32e367fdf59b9f4ac5dd,1,weETH,0xCd5fE23C85820F7B72D0926FC9b05b43E359b7ee,USDC,0xA0b86991c6218b36c1d19D4a2e9Eb0cE3606eB48,6020110.093068674,12372691.59054773
0xed05fcc2893b78b3fa468d21b6e4d2925e7f2c64eb1f16279757c43f87502a99,1,PT-apxUSD-18JUN2026,0x92a6A01B07984de46c24E8EBa248449beB8B1dCB,USDC,0xA0b86991c6218b36c1d19D4a2e9Eb0cE3606eB48,5590284.01780144,8983587.190808874
0x1d09bf979a167075f5608686642fd3cdb458de742a234175892fa03f23693f6b,1,v-wmtUSDC,0xF65460B84c13eeb911303336Ab0f9D63CC79839f,USDC,0xA0b86991c6218b36c1d19D4a2e9Eb0cE3606eB48,4691162.749577226,6222009.028929981
0x5d41b8d23ccf6d9e9f7e2b1b357d92bba6ef0367d6ef8ceda965f73e52108461,1,USP,0x098697bA3Fee4eA76294C5d6A466a4e3b3E95FE6,USDC,0xA0b86991c6218b36c1d19D4a2e9Eb0cE3606eB48,4672573.085214531,8394737.92828199
0x8924445a76b678c536df977ed9222fb0b23ee5311497dd0223fe6270bb20b4e6,1,sUSN,0xE24a3DC889621612422A64E6388927901608B91D,USDC,0xA0b86991c6218b36c1d19D4a2e9Eb0cE3606eB48,4652122.918318363,6878333.475656848
0xa9f70093360419b4544f17a4553ac5847d896be23f020295bd95c24af4df700e,1,wsrUSD,0xd3fD63209FA2D55B07A0f6db36C2f43900be3094,USDT,0xdAC17F958D2ee523a2206206994597C13D831ec7,4647410.0813691905,6023987.574678481
0xd8a8e6667f58aa9229e8979bd619742b1660ee856c200a93e407dbccb7222323,1,cbBTC,0xcbB7C0000aB88B473b1f5aFd9ef808440eed33Bf,PYUSD,0x6c3ea9036406852006290770BEdFcAbA0e23A0e8,4620190.6916243695,8242728.076719488
0x49b89ee666acc242de6a2f25ffdbb25dcc693a7f4746d8d4afeb51c440fa938a,1,AVLT,0x74dB7a52773A52699dbC0c01b1254E5301E3e119,USDC,0xA0b86991c6218b36c1d19D4a2e9Eb0cE3606eB48,4266192.197332867,5460235.166163147
0xb55c0ebe12c4af149ce74ba4d83ca847c3be6787921b36b51a4d98bd105163e2,1,wJAAA,0x86b495e4Cb00AB18Ad94BFD7920479cC79E8eBFE,USDC,0xA0b86991c6218b36c1d19D4a2e9Eb0cE3606eB48,4081135.564238319,4669861.145828457
0xbe50eed784490d6c32f398902b55eb5e1bd5af89e1f554993ad5fea899be090b,1,WBTC,0x2260FAC5E5542a773Aa44fBCfeDf7C193bc2C599,PYUSD,0x6c3ea9036406852006290770BEdFcAbA0e23A0e8,3872985.656898643,7997607.991599322
0xa128dddc761075df9a9a60689f3a41a989b245aad506352c509c0c3a76a9ec6b,1,WBTC,0x2260FAC5E5542a773Aa44fBCfeDf7C193bc2C599,RLUSD,0x8292Bb45bf1Ee4d140127049757C2E0fF06317eD,3857633.905949326,6356788.877590003
0xb317d11c2bc2c0c8e6ea3c6517731cf667c86f2c716624be50319a6d32a97e8d,1,msY,0x890A5122Aa1dA30fEC4286DE7904Ff808F0bd74A,USDC,0xA0b86991c6218b36c1d19D4a2e9Eb0cE3606eB48,3731724.830230177,4493470.973828097
0x09cf702bb8b6fe8c6effb6021744e365f598b89bc28f3ea7cd6c55115af825df,1,sUSDS,0xa3931d71877C0E7a3148CB7Eb4463524FEc27fbD,AUSD,0x00000000eFE302BEAA2b3e6e1b18d08D69a9012a,3556862.645885211,4015345.4590909313
0xb7a75cabc2e8eadd0bc661340a9e359d9828bed6d5cbbcd64188bca8c01e399e,1,WBTC,0x2260FAC5E5542a773Aa44fBCfeDf7C193bc2C599,EURCV,0x5F7827FDeb7c20b443265Fc2F40845B715385Ff2,3408880.805539693,5414994.144672152
0x94b823e6bd8ea533b4e33fbc307faea0b307301bc48763acc4d4aa4def7636cd,1,WETH,0xC02aaA39b223FE8D0A0e5C4F27eAD9083C756Cc2,USDC,0xA0b86991c6218b36c1d19D4a2e9Eb0cE3606eB48,3328415.655599765,6202246.979035055
0xd98cd88ae5b336086b39fb1d62ba6171282e946105b010143f0e89f8fe7cff36,1,savETH,0xDA06eE2dACF9245Aa80072a4407deBDea0D7e341,WETH,0xC02aaA39b223FE8D0A0e5C4F27eAD9083C756Cc2,3325069.7072584764,4025259.0044268924
0xba3ba077d9c838696b76e29a394ae9f0d1517a372e30fd9a0fc19c516fb4c5a7,1,cbBTC,0xcbB7C0000aB88B473b1f5aFd9ef808440eed33Bf,USDC,0xA0b86991c6218b36c1d19D4a2e9Eb0cE3606eB48,3191121.060366099,5393764.4447926
0xa0c6499787a7d046f91f2687558c021e2baae5a378885280a448183a926ef5f7,1,upUSDC,0x80E1048eDE66ec4c364b4F22C8768fc657FF6A42,USDC,0xA0b86991c6218b36c1d19D4a2e9Eb0cE3606eB48,3137217.0544250393,3849217.1363382963
0xdf6ca97d41975a6996e9db491cb38152b65d7c00807dfe15d95d8d76e5d122e0,1,PT-sUSDD-27AUG2026,0xD341A146A4fD20eA89898E4d86Ae1829bF3A1c23,USDT,0xdAC17F958D2ee523a2206206994597C13D831ec7,3114416.6067904998,3941852.355604641
0xb37c30f34bff11c81ee8400133965f450a5f7c5d81ba2cf5740076f49eabc95c,1,PT-apyUSD-5NOV2026,0xb5Be35D8fF83D431899b95851CB17a2B4bcEF150,USDC,0xA0b86991c6218b36c1d19D4a2e9Eb0cE3606eB48,2982049.6822346393,3869808.843397932
0xb374528d44b6ab6e0cecc87e0481f45d892f38baec90c1d318851969ec14ea5f,1,wstETH,0x7f39C581F595B53c5cb19bD0b3f8dA6c935E2Ca0,USDS,0xdC035D45d973E3EC169d2276DDab16f1e407384F,2974219.894646863,5140179.970589659
0xe3df58f9d3011b7481ff36b939fa5f8da642f34ea5792d25d3958dbf1efa26d7,1,USD3,0x056B269Eb1f75477a8666ae8C7fE01b64dD55eCc,USDC,0xA0b86991c6218b36c1d19D4a2e9Eb0cE3606eB48,2957678.6951061483,3400173.1939795692
0x2f4ea313fb7df23a82c19d95e8b90acc8179bd053e0d9ef745cdf28d6a49499c,1,cbBTC,0xcbB7C0000aB88B473b1f5aFd9ef808440eed33Bf,USDS,0xdC035D45d973E3EC169d2276DDab16f1e407384F,2872277.53024082,4542486.408734979
0x3c16c2d107caade490b1d513ccc54cbd06a30f20ad6a9aaad8c744413872514a,1,ynETHx,0x657d9ABA1DBb59e53f9F3eCAA878447dCfC96dCb,wstETH,0x7f39C581F595B53c5cb19bD0b3f8dA6c935E2Ca0,2741006.465770309,3004349.992446057
0xb7843fe78e7e7fd3106a1b939645367967d1f986c2e45edb8932ad1896450877,1,XAUt,0x68749665FF8D2d112Fa859AA293F07A622782F38,USDT,0xdAC17F958D2ee523a2206206994597C13D831ec7,2677161.973086136,7082887.063895658
0x7e585a933ffe8443c371b4f8cfeb4430f5f6a14c2f32a898c26662c67a1cb8b8,1,wstETH,0x7f39C581F595B53c5cb19bD0b3f8dA6c935E2Ca0,USDC,0xA0b86991c6218b36c1d19D4a2e9Eb0cE3606eB48,2658255.841876391,7560207.861487783
0xff527fe9c6516f9d82a3d51422ccb031d123266e6e26d4c22c942a948c180a75,1,WBTC,0x2260FAC5E5542a773Aa44fBCfeDf7C193bc2C599,EURC,0x1aBaEA1f7C830bD89Acc67eC4af516284b1bC33c,2656363.311162954,5218696.333919205
0x51c6fa2e3ab990af15e95a8c91e93482d7a87068c60133e1c7e8000f91ec7618,1,mHyperBTC,0xC8495EAFf71D3A563b906295fCF2f685b1783085,USDC,0xA0b86991c6218b36c1d19D4a2e9Eb0cE3606eB48,2618673.3701174497,4628383.411971977
0xbf02d6c6852fa0b8247d5514d0c91e6c1fbde9a168ac3fd2033028b5ee5ce6d0,1,LBTC,0x8236a87084f8B84306f72007F36F2618A5634494,USDC,0xA0b86991c6218b36c1d19D4a2e9Eb0cE3606eB48,2586227.4257476516,4585084.531718581
0x9de73bf59b4b09f9b974081c30a2570174f212ea62de8da777c7770a4832ae72,1,mHYPER,0x9b5528528656DBC094765E2abB79F293c21191B9,USDC,0xA0b86991c6218b36c1d19D4a2e9Eb0cE3606eB48,2585335.5495620794,6634555.8295185855
0xaa7231d6bee28b578efe38b52e801d5d3067023853342fc06ded437d2a80ef98,1,EUTBL,0xa0769f7A8fC65e47dE93797b4e21C073c117Fc80,EURCV,0x5F7827FDeb7c20b443265Fc2F40845B715385Ff2,2581590.881051471,2893427.567268397
0x987134eb4716fc3dee2cb9ca8d8fba692389f7e43c717db4fe0cedaf287816e9,1,wstLINK,0x911D86C72155c33993d594B0Ec7E6206B4C803da,LINK,0x514910771AF9Ca656af840dff83E8264EcF986CA,2555388.874950605,3846849.0936947297
0x2a0b893471c785a1f0fda00df7fca578b703eef7ae7186d2429c2824b5212467,1,wFalconX,0x4614F7A56A3Eb83b2Ff9fA4B4b9575B28Fb68644,USDC,0xA0b86991c6218b36c1d19D4a2e9Eb0cE3606eB48,2320267.61722404,3025297.9203520697
0x0a15460ad263c2186fe0b5df20a8cf71d55f3cfa06de15edcf6138f6b8edd8bf,1,rETH,0xae78736Cd615f374D3085123A210448E74Fc6393,USDC,0xA0b86991c6218b36c1d19D4a2e9Eb0cE3606eB48,2277892.6786549855,4847764.8264571335
0x24a1ac1fb21a206906af5acf2d65a6e6d9627823c195efef112d3a9b6cd5eab6,1,stakedao-FrxMsUSD,0x3B855AA8CC56a3cBd5dBb5456F5A13Ce86AA0fe8,frxUSD,0xCAcd6fd266aF91b8AeD52aCCc382b4e165586E29,2087489.4547055596,2427804.9106615945
0x4bb22a5f6313fc9d7b5e1438967bfcd0a513a839d26662dd8d235629942400e2,1,PT-sUSDat-27AUG2026,0xc689f76F90FE1762faC55983Ff25ae71033A84F7,USDC,0xA0b86991c6218b36c1d19D4a2e9Eb0cE3606eB48,2025630.4373759427,2755006.8688226314
0x6d2fba32b8649d92432d036c16aa80779034b7469b63abc259b17678857f31c2,1,wstETH,0x7f39C581F595B53c5cb19bD0b3f8dA6c935E2Ca0,USDC,0xA0b86991c6218b36c1d19D4a2e9Eb0cE3606eB48,1988725.1154998972,3672644.6187478513
0xe9d96a2f8042486bfd8cfd22692e49cd355e8a51da2f427bdb2d3671fbe978ea,1,upGAMMAusdc,0x998D7b14c123c1982404562b68edDB057b0477cB,AUSD,0x00000000eFE302BEAA2b3e6e1b18d08D69a9012a,1907852.9602610867,2087663.2402414423
0xd2630c0ebf33ba83c82e8cd400a8e6345370238ca695ce58773b2d3e43de1b0a,1,ynETHx,0x657d9ABA1DBb59e53f9F3eCAA878447dCfC96dCb,msETH,0x64351fC9810aDAd17A690E4e1717Df5e7e085160,1875333.1842320592,2070303.4294823152
0x908b037029b5c0671ba3b362eaf289c3199560d1d4632e6cb527cc7240fa006e,1,PT-apxUSD-5NOV2026,0xAF687B5EcB525Ccea96115088999B4eD80C388b6,USDC,0xA0b86991c6218b36c1d19D4a2e9Eb0cE3606eB48,1803154.4659616335,2652529.1717602923
0xf4e9fb49e95a34320aea8b5e0ef515391a72368c39bdcf8ad8910645fd6eab97,1,syzUSD,0x6DFF69eb720986E98Bb3E8b26cb9E02Ec1a35D12,USDC,0xA0b86991c6218b36c1d19D4a2e9Eb0cE3606eB48,1774448.8521994345,2090254.32959326
0xf02d2e8f427a2b91785b3d09690ef9d3811bf674ba97b00bafc7665004a6dd97,1,PT-sUSDD-27AUG2026,0xD341A146A4fD20eA89898E4d86Ae1829bF3A1c23,USDC,0xA0b86991c6218b36c1d19D4a2e9Eb0cE3606eB48,1752440.3718216966,2214613.4481989634
0x755f954513d31d5f24aaf3d0cdc5e913a28383f8ea8ff85be9ffffa7371fb64d,1,PRIME,0x19ebb35279A16207Ec4ba82799CC64715065F7F6,USDC,0xA0b86991c6218b36c1d19D4a2e9Eb0cE3606eB48,1607187.4653469606,2007767.2186615549
0x61765602144e91e5ac9f9e98b8584eae308f9951596fd7f5e0f59f21cd2bf664,1,weETH,0xCd5fE23C85820F7B72D0926FC9b05b43E359b7ee,USDC,0xA0b86991c6218b36c1d19D4a2e9Eb0cE3606eB48,1536321.78166304,3005749.9307399415
0x0b352b7550acdb1f39fea4b8f9ef8ac2d7953613b92599610b8fbec8a98a51d1,1,wstETH,0x7f39C581F595B53c5cb19bD0b3f8dA6c935E2Ca0,EURCV,0x5F7827FDeb7c20b443265Fc2F40845B715385Ff2,1534710.07231571,2785770.930860547
0xae60b71b407e0517ead445b7113a7ffa07ea4a9379d526ade541a3e9ec777cb4,1,sNUSD,0x08EFCC2F3e61185D0EA7F8830B3FEc9Bfa2EE313,USDC,0xA0b86991c6218b36c1d19D4a2e9Eb0cE3606eB48,1529995.4346929519,2423463.9451150554
0x9464b3d42133c10c8b216d3d9429b43e98c2f3856a87940ef18b8bdd3e7bd831,1,PT-USDat-27AUG2026,0x1D69402390657308C91179aa184bF992908c1e08,AUSD,0x00000000eFE302BEAA2b3e6e1b18d08D69a9012a,1507759.5050071406,1754456.743109223
0xb5f8d5554d85b782d7080314bba3544983755a75eb5c432f5eae1c47c6af4da4,1,cbBTC,0xcbB7C0000aB88B473b1f5aFd9ef808440eed33Bf,EURCV,0x5F7827FDeb7c20b443265Fc2F40845B715385Ff2,1499488.1054278752,1957482.7140514352
0x9972be1fc530a3f5a34db25ee8ab4962cc4099cb65b2db22897c92cc9d22f59f,1,sDOLA,0xb45ad160634c528Cc3D2926d9807104FA3157305,USDC,0xA0b86991c6218b36c1d19D4a2e9Eb0cE3606eB48,1466808.0916712228,1669122.4254770125
0xacc49fbf58feb1ac971acce68f8adc177c43682d6a7087bbd4991a05cb7a2c67,1,srRoyUSDC,0xcD9f5907F92818bC06c9Ad70217f089E190d2a32,USDC,0xA0b86991c6218b36c1d19D4a2e9Eb0cE3606eB48,1451420.029477646,2455558.6257146024
0x58b332ca359ff83620416be363c874947c2d1ae7b5913d367ed761d1ad422b19,1,weETH,0xCd5fE23C85820F7B72D0926FC9b05b43E359b7ee,msETH,0x64351fC9810aDAd17A690E4e1717Df5e7e085160,1393236.2675143718,1549051.663479296
0x04663e98d677d8ef38b76d5a19d1fddc1aff10a86b71dc7f01cd8f5a18a16f06,1,PT-apyUSD-18JUN2026,0x3365554a61CeFF74A76528f9e86C1E87946d16a5,apxUSD,0x98A878b1Cd98131B271883B390f68D2c90674665,1369307.8615382258,1794563.293029858
0x32e253d33f1594a67fc6ef51bf7a39cc4bf2d14904998dee769706fcde489ed9,1,wsrUSD,0xd3fD63209FA2D55B07A0f6db36C2f43900be3094,USDC,0xA0b86991c6218b36c1d19D4a2e9Eb0cE3606eB48,1359476.2862999556,1676581.3375586472
0x7a25fb17b8bd83a934ad87d9d1725188fc129992ca816f3145b4ab7f673c98c3,1,wstETH,0x7f39C581F595B53c5cb19bD0b3f8dA6c935E2Ca0,EURCV,0x5F7827FDeb7c20b443265Fc2F40845B715385Ff2,1311451.271876693,2581003.032061153
0x4b86442549b52826e0fc11770ec5154450cb3c5c14dc751a761d81dcfbe7a7b2,1,RLP,0x4956b52aE2fF65D74CA2d61207523288e4528f96,AUSD,0x00000000eFE302BEAA2b3e6e1b18d08D69a9012a,1273687.734429665,49563.42601012515
0x88abdf8693e663144c3544b9442e9b04520016d6ebc57aa76424c00ab1683c9d,1,wstETH,0x7f39C581F595B53c5cb19bD0b3f8dA6c935E2Ca0,RLUSD,0x8292Bb45bf1Ee4d140127049757C2E0fF06317eD,1265798.7376324956,2646180.351744338
0x39d11026eae1c6ec02aa4c0910778664089cdd97c3fd23f68f7cd05e2e95af48,1,sUSDe,0x9D39A5DE30e57443BfF2A8307A4256c8797A3497,DAI,0x6B175474E89094C44Da98b954EedeAC495271d0F,1261804.7998395625,1649726.4065876352
0x251b7cbc2c33ba4eabe3b7163ad0fdd3cfb97de80d8377f0f48b8d31aee7606f,1,rETH,0xae78736Cd615f374D3085123A210448E74Fc6393,WETH,0xC02aaA39b223FE8D0A0e5C4F27eAD9083C756Cc2,1228570.2868966153,1723561.7585926042
0x09dc9e7eb5d8fc54b2bc41d1135fd4e99057a580f680321faeb90c7a21e631c1,1,WBTC,0x2260FAC5E5542a773Aa44fBCfeDf7C193bc2C599,USDC,0xA0b86991c6218b36c1d19D4a2e9Eb0cE3606eB48,1210491.8729452617,2587080.944610923
0x8e7cc042d739a365c43d0a52d5f24160fa7ae9b7e7c9a479bd02a56041d4cf77,1,USR,0x66a1E37c9b0eAddca17d3662D6c05F4DECf3e110,USDC,0xA0b86991c6218b36c1d19D4a2e9Eb0cE3606eB48,1196513.104134653,45665.76333799431
0x7629b62c42febfccd87a8eb76bd91587b33bbcd474cb79bc4964aeb0479e4e53,1,stakedao-crvfrxUSD,0x61ec68a5a79905a82Bd594dC847E284Df17a8760,frxUSD,0xCAcd6fd266aF91b8AeD52aCCc382b4e165586E29,1196152.4659157107,1499530.0959226296
0x77e624dd9dd980810c2b804249e88f3598d9c7ec91f16aa5fbf6e3fdf6087f82,1,stUSDS,0x99CD4Ec3f88A45940936F469E4bB72A2A701EEB9,USDS,0xdC035D45d973E3EC169d2276DDab16f1e407384F,1118902.9225620811,1434380.364750258
0xf5c5df23559b0fb56560a7578ea17d81e245153ba64b8132df026c9358864d27,1,wstETH,0x7f39C581F595B53c5cb19bD0b3f8dA6c935E2Ca0,PYUSD,0x6c3ea9036406852006290770BEdFcAbA0e23A0e8,1115245.07311822,2069009.4913395564
0x0a834fe24f42cf9cbf0644926c5637a9da42dbfae8c4c4ca0c2f2d9c712896d3,1,wbravUSDC,0x7309E1E2e74af170c69bdE8FCB30397f8697D5FF,USDC,0xA0b86991c6218b36c1d19D4a2e9Eb0cE3606eB48,1031494.5335475425,2265284.941870148
0x12cacbbd1c88513cce13d54927f5f1301335779353817bc5e791e71d200f2199,1,WETH,0xC02aaA39b223FE8D0A0e5C4F27eAD9083C756Cc2,USDS,0xdC035D45d973E3EC169d2276DDab16f1e407384F,1009344.4638666029,1724737.1693005757
0x0d55c325847ed87d53506c2aca7de046cb59d8c22928fd55fb2790c4811d20db,1,rswETH,0xFAe103DC9cf190eD75350761e95403b7b8aFa6c0,msETH,0x64351fC9810aDAd17A690E4e1717Df5e7e085160,1008982.6347240297,1093847.464519107
0x80c97dd236bafc6c5e41e84797efea2853511455f189525a8df70826a38cb282,1,WBTC,0x2260FAC5E5542a773Aa44fBCfeDf7C193bc2C599,EURCV,0x5F7827FDeb7c20b443265Fc2F40845B715385Ff2,985174.8707234275,1479482.4077415888
0xe23380494e365453f72f736f2d941959ae945773eb67a06cf4f538c7c4201264,1,apyUSD,0x38EEb52F0771140d10c4E9A9a72349A329Fe8a6A,apxUSD,0x98A878b1Cd98131B271883B390f68D2c90674665,967488.8425124103,1429243.0503201594
0xce68c7aa336675e42bbc8eaa8b5ecc7ebd816bf8625b5316330c6ac2dabc4cf2,1,SolvBTC,0x7A56E1C57C7475CCf742a1832B028F0456652F97,WBTC,0x2260FAC5E5542a773Aa44fBCfeDf7C193bc2C599,959858.7773839874,2309886.143750641
0xe4cfbee9af4ad713b41bf79f009ca02b17c001a0c0e7bd2e6a89b1111b3d3f08,1,tBTC,0x18084fbA666a33d37592fA2633fD49a74DD93a88,USDC,0xA0b86991c6218b36c1d19D4a2e9Eb0cE3606eB48,776517.9086602841,1780700.7380176806
0x42c2b592fc759fad461fb5c80d5ea214a496f70d8594398d69af68c2f3798de6,1,PT-srUSDat-27AUG2026,0x2D433b943FB8c015AE409444B7F960ED288082b4,USDC,0xA0b86991c6218b36c1d19D4a2e9Eb0cE3606eB48,768944.6477012391,1046603.2686249625
0x43e925e52d7873fa8acac90dd5f246087d55b3a34c344b71884a6352491ff459,1,fxSAVE,0x7743e50F534a7f9F1791DdE7dCD89F7783Eefc39,USDC,0xA0b86991c6218b36c1d19D4a2e9Eb0cE3606eB48,727774.5482117706,952629.9605372271
0x2fb3713487c7812e7309935b034f40228841666f6b048faf31fd2110ae674f20,1,PT-stcUSD-23JUL2026,0x2d3C279E5FcDF5b793c0a75ed90738D7369B0b83,USDC,0xA0b86991c6218b36c1d19D4a2e9Eb0cE3606eB48,614548.4611126302,695016.8562911451
0x7421c2741e064e8c53fcb5de9faf7f0025dce75bc1caf26774dd878291c81dac,1,wstETH,0x7f39C581F595B53c5cb19bD0b3f8dA6c935E2Ca0,EURC,0x1aBaEA1f7C830bD89Acc67eC4af516284b1bC33c,607995.7117166977,1124279.7933285348
0x710f02caee4555b8ff75b7d48e5b52adc48898dc0c670b977fb1ea83bf4e7d8a,1,stUSDS,0x99CD4Ec3f88A45940936F469E4bB72A2A701EEB9,USDT,0xdAC17F958D2ee523a2206206994597C13D831ec7,564305.4921670674,966559.2176957533
0xf6a056627a51e511ec7f48332421432ea6971fc148d8f3c451e14ea108026549,1,LBTC,0x8236a87084f8B84306f72007F36F2618A5634494,WBTC,0x2260FAC5E5542a773Aa44fBCfeDf7C193bc2C599,549085.1848864882,625279.447500804
0x1247f1c237eceae0602eab1470a5061a6dd8f734ba88c7cdc5d6109fb0026b28,1,sUSDe,0x9D39A5DE30e57443BfF2A8307A4256c8797A3497,DAI,0x6B175474E89094C44Da98b954EedeAC495271d0F,548495.6491988156,737550.0077333284
0x5f8a138ba332398a9116910f4d5e5dcd9b207024c5290ce5bc87bc2dbd8e4a86,1,ETH+,0xE72B141DF173b999AE7c1aDcbF60Cc9833Ce56a8,WETH,0xC02aaA39b223FE8D0A0e5C4F27eAD9083C756Cc2,543932.5977402949,606741.3068903798
0xc9098061d437a9dd53b0070cb33df6fca1a0a5ead288588c88699b0420c1c078,1,sUSDe,0x9D39A5DE30e57443BfF2A8307A4256c8797A3497,msUSD,0xab5eB14c09D416F0aC63661E57EDB7AEcDb9BEfA,419138.69935019343,489041.5682353216
0xa7cff07327839b03b2f0355d0951bb487cd8deeef9a21dfc851a8a3d932c42b8,1,n-st-liUSD4w,0x9FB57943926749B49a644F237A28b491c9b465E0,USDC,0xA0b86991c6218b36c1d19D4a2e9Eb0cE3606eB48,415834.56009258766,484400.2513160931
0x461da96754b33fec844fc5e5718bf24298a2c832d8216c5ffd17a5230548f01f,1,WBTC,0x2260FAC5E5542a773Aa44fBCfeDf7C193bc2C599,eUSD,0xA0d69E286B938e21CBf7E51D71F6A4c8918f482F,377172.9596911991,582903.3275009805
0x124ddf1fa02a94085d1fcc35c46c7e180ddb8a0d3ec1181cf67a75341501c9e6,1,wstETH,0x7f39C581F595B53c5cb19bD0b3f8dA6c935E2Ca0,PYUSD,0x6c3ea9036406852006290770BEdFcAbA0e23A0e8,322962.09889283444,556234.429528219
0x031c7333014af51e4fd18031d14e4eaada58348cde3f6dc6ea8cca16f7387fb2,1,mAPOLLO,0x7CF9DEC92ca9FD46f8d86e7798B72624Bc116C05,USDC,0xA0b86991c6218b36c1d19D4a2e9Eb0cE3606eB48,315227.2656927401,1039241.0739966674
0x6a57d77b9a173c5ed10d432e7009dd1ee9a97fac62a7bc970b4bd715e2fff5c8,1,wstETH,0x7f39C581F595B53c5cb19bD0b3f8dA6c935E2Ca0,USDT,0xdAC17F958D2ee523a2206206994597C13D831ec7,296349.23111401923,477219.0341922011
0x702b7ec7628de2622e51e1bb34a7e6ad9e95f3a25a2ed361e4ce621f23f5e642,1,PT-cUSD-23JUL2026,0x928FB6ED39100a92B2480f5cbB93453f98D9F4cE,USDC,0xA0b86991c6218b36c1d19D4a2e9Eb0cE3606eB48,292554.9393436345,366159.13446573546
0xeea9a2431eba248f1cc4d8d3d2a34b31cbf4884ecc602f9270372f892a2ba185,1,PAXG,0x45804880De22913dAFE09f4980848ECE6EcbAf78,PYUSD,0x6c3ea9036406852006290770BEdFcAbA0e23A0e8,287581.59131876216,520847.1742438628
0x6d95bf5fad1b0427205ee2b595f80b52e22394173de0832efa79fde88abb8525,1,MORPHO,0x58D97B57BB95320F9a05dC918Aef65434969c2B2,USDC,0xA0b86991c6218b36c1d19D4a2e9Eb0cE3606eB48,282340.5683806328,1017529.9071366836
0x87e3786114cbe9d3fcace0eb4099fa70a4b916039db4a29626cae89147180ca3,1,stakedao-frxsUSDS,0xdA36Ab65d5Af53763CAcD63AE7D441932032326f,frxUSD,0xCAcd6fd266aF91b8AeD52aCCc382b4e165586E29,259769.6201812685,276890.1511807588
0x6cf7e63f37d7f2ca2b86d1415eeedd4173b30f9974e8a706016e1f798b479b03,1,muBOND,0x09AD9c6DcadCc3aB0b3E107E8E7DA69c2eEa8599,USDC,0xA0b86991c6218b36c1d19D4a2e9Eb0cE3606eB48,216551.87749204453,273226.648800544
0xfd039edc69eac5eaab4a10463fdbcaca75d6eddb1f0e00248d73fc977fb2554b,1,PT-cUSD-23JUL2026,0x928FB6ED39100a92B2480f5cbB93453f98D9F4cE,USDT,0xdAC17F958D2ee523a2206206994597C13D831ec7,209318.68672208083,246014.65787108152
0x9551f52490815c3dd64dcd349050ce6f42ef64d70f5805c14920b4fd6d3b2544,1,LBTC,0x8236a87084f8B84306f72007F36F2618A5634494,EURCV,0x5F7827FDeb7c20b443265Fc2F40845B715385Ff2,192051.4547484236,453161.35286301613
0xdc5333039bcf15f1237133f74d5806675d83d9cf19cfd4cfdd9be674842651bf,1,sUSDe,0x9D39A5DE30e57443BfF2A8307A4256c8797A3497,USDT,0xdAC17F958D2ee523a2206206994597C13D831ec7,184452.02243763593,205190.81107057922
0xd601632eb1345413cde7418f228513bae6ca7fdc52a00384ea9239c2a9f9a935,1,LsETH,0x8c1BEd5b9a0928467c9B1341Da1D7BD5e10b6549,WETH,0xC02aaA39b223FE8D0A0e5C4F27eAD9083C756Cc2,174200.1762679549,263223.12442363123
0xebd23a871b52e0a8c92bd719f4413600101b69e946cb72923b3a33fb5bc6ec85,1,PT-apyUSD-5NOV2026,0xb5Be35D8fF83D431899b95851CB17a2B4bcEF150,apxUSD,0x98A878b1Cd98131B271883B390f68D2c90674665,139822.66370165092,161210.10953930463
0xbf0432567b44ef5ce013ffcd7dd756c522252503f7986a406e780715b32c74fc,1,wSPYx,0xc88FcD8B874fDb3256E8B55b3decB8c24EAb4c02,AUSD,0x00000000eFE302BEAA2b3e6e1b18d08D69a9012a,136990.04809732482,745601.2532778737
0xad656d430bb3d8c1469bf45c8ad4ebae1b04be04757c69fa424eec78d7b3f4dc,1,WOUSD,0xD2af830E8CBdFed6CC11Bab697bB25496ed6FA62,USDC,0xA0b86991c6218b36c1d19D4a2e9Eb0cE3606eB48,135008.17817426988,175268.84572197992
0x2a2f62fe3d123077da35f281fbe69ebc296759b34873d627cf44c94f05fecf7e,1,sUSG,0xF17D6f98A5C6EAA99d149079984119e0A4EF6900,frxUSD,0xCAcd6fd266aF91b8AeD52aCCc382b4e165586E29,129682.4495687853,192960.02924497047
0xbc99de6a88904cd0e69042ad6f266e63182801f030c636507c3caf590ffd84fe,1,cbBTC,0xcbB7C0000aB88B473b1f5aFd9ef808440eed33Bf,USDC,0xA0b86991c6218b36c1d19D4a2e9Eb0cE3606eB48,122416.2779160472,201455.05684506477
0x444bbce85350aae535b037d090c8bdf6cc4cfc6d79e17725413b4cb0f6183ad4,1,LBTC,0x8236a87084f8B84306f72007F36F2618A5634494,cbBTC,0xcbB7C0000aB88B473b1f5aFd9ef808440eed33Bf,118711.08880398858,128858.87474804245
0x3758a9e2abbd67b5621f23ec482608f2f98b3c792874661ce49df7843aadcfd2,1,WETH,0xC02aaA39b223FE8D0A0e5C4F27eAD9083C756Cc2,USDT,0xdAC17F958D2ee523a2206206994597C13D831ec7,118145.20447723557,173521.5749875095
0xc581c5f70bd1afa283eed57d1418c6432cbff1d862f94eaf58fdd4e46afbb67f,1,USDe,0x4c9EDD5852cd905f086C759E8383e09bff1E68B3,DAI,0x6B175474E89094C44Da98b954EedeAC495271d0F,113567.68080601706,178161.52161962498
0xd86df29b48f2d88a0453027212247a29e68ff52c6589c46054f57285da2fa7e3,1,PT-apxUSD-5NOV2026,0xAF687B5EcB525Ccea96115088999B4eD80C388b6,apxUSD,0x98A878b1Cd98131B271883B390f68D2c90674665,113118.46823015684,136568.89766071195
0x2cbfb38723a8d9a2ad1607015591a78cfe3a5949561b39bde42c242b22874ec0,1,cbBTC,0xcbB7C0000aB88B473b1f5aFd9ef808440eed33Bf,WETH,0xC02aaA39b223FE8D0A0e5C4F27eAD9083C756Cc2,105452.85569843986,196380.3415073621
0x138eec0e4a1937eb92ebc70043ed539661dd7ed5a89fb92a720b341650288a40,1,WBTC,0x2260FAC5E5542a773Aa44fBCfeDf7C193bc2C599,WETH,0xC02aaA39b223FE8D0A0e5C4F27eAD9083C756Cc2,103175.2850143928,229307.02024826125
0x5eaaebc81e9e27972ab458811d1b60828e8ab51ef6620f9b3918fd7e68eecec1,1,PT-stcUSD-23JUL2026,0x2d3C279E5FcDF5b793c0a75ed90738D7369B0b83,USDT,0xdAC17F958D2ee523a2206206994597C13D831ec7,100416.11257654344,112572.98066383731
0x1bd93f3ef76c3debad2b6023291af6a81125e71adfe775c2177afd7b79f7e41e,1,PT-srUSDe-25JUN2026,0x619D75E3b790eBC21c289f2805Bb7177A7D732E2,USDT,0xdAC17F958D2ee523a2206206994597C13D831ec7,100102.82000022708,133129.38915757186
0x8f309d4b3066f80574810ed249472ba0ea1272e10834ae10dafa9f4f41aa63f4,1,USP,0x098697bA3Fee4eA76294C5d6A466a4e3b3E95FE6,frxUSD,0xCAcd6fd266aF91b8AeD52aCCc382b4e165586E29,95817.65536894639,250363.43720589846
0x7dea3baf843210ce0a4a9e6374cea47dcd55384fb36d2d701e69b221867b39e5,1,ONDO,0xfAbA6f8e4a5E8Ab82F62fe7C39859FA577269BE3,USDC,0xA0b86991c6218b36c1d19D4a2e9Eb0cE3606eB48,83792.62275237535,221773.04027615683
0xf0edbb36183591ff28c56fdb283fdd6896cf1298990e5913208902adb87d2b75,1,ynETHx,0x657d9ABA1DBb59e53f9F3eCAA878447dCfC96dCb,WETH,0xC02aaA39b223FE8D0A0e5C4F27eAD9083C756Cc2,78068.6599932817,87894.70338179017
0x03f715ef1ae508ab3e1faf4dffdbf2a077d1f0ad10c5aad42cf4438d5e3328af,1,PT-stcUSD-29JAN2026,0xC3c7E5E277d31CD24a3Ac4cC9af3B6770F30eA33,USDC,0xA0b86991c6218b36c1d19D4a2e9Eb0cE3606eB48,76135.78661131118,89605.49906025047
0x8ef93964d88388b6421543bcadc5a3e95bfd1412166ea184303bc6b71d44e684,1,XAUt,0x68749665FF8D2d112Fa859AA293F07A622782F38,tGBP,0x27f6c8289550fCE67f6B50BeD1F519966aFE5287,74060.73896557288,128338.52199208434
0xf3814af4869a6ce59ffef016e555dd4c1e92bf383b5ab89abe496044c6364746,1,PT-apxUSD-18JUN2026,0x92a6A01B07984de46c24E8EBa248449beB8B1dCB,apxUSD,0x98A878b1Cd98131B271883B390f68D2c90674665,73617.31935651875,96135.955735567
0xbfed072faee09b963949defcdb91094465c34c6c62d798b906274ef3563c9cac,1,srUSD,0x738d1115B90efa71AE468F1287fc864775e23a31,USDC,0xA0b86991c6218b36c1d19D4a2e9Eb0cE3606eB48,71045.63776248145,81614.6126019103
0x9d1d0c9b76eefefc881db90f4f646dcc088121451616634544ce8129c4e574b1,1,WBTC,0x2260FAC5E5542a773Aa44fBCfeDf7C193bc2C599,tGBP,0x27f6c8289550fCE67f6B50BeD1F519966aFE5287,65619.80548439636,129083.412282742
0xa3724490242354d512a92b79d779fa2037845233f0096c9acac36a1033097aee,1,sDOLA,0xb45ad160634c528Cc3D2926d9807104FA3157305,apxUSD,0x98A878b1Cd98131B271883B390f68D2c90674665,64950.71706499155,147098.01720575982
0x729badf297ee9f2f6b3f717b96fd355fc6ec00422284ce1968e76647b258cf44,1,syrupUSDC,0x80ac24aA929eaF5013f6436cdA2a7ba190f5Cc0b,USDC,0xA0b86991c6218b36c1d19D4a2e9Eb0cE3606eB48,57461.09031108068,66349.46137407103
0x95c28d447950ca6c8bbfd25fc05b80b1fd7a1cdd17a3610b4b3f1ffc8dc2e2ed,1,mHYPER,0x9b5528528656DBC094765E2abB79F293c21191B9,USDC,0xA0b86991c6218b36c1d19D4a2e9Eb0cE3606eB48,56411.42201739052,84952.49945851369
0xefcd445941835ff675c7fb5a7ef7ef9a0fae020950dec5cd46ffbaea13dde382,1,cbBTC,0xcbB7C0000aB88B473b1f5aFd9ef808440eed33Bf,EURC,0x1aBaEA1f7C830bD89Acc67eC4af516284b1bC33c,56095.94279981238,124633.41421670726
0xa4774e3e693fff2ebd1dcbbd69b1b0a5b9bb0ccc753bfda5dd07bdac97c4818a,1,syrupUSDT,0x356B8d89c1e1239Cbbb9dE4815c39A1474d5BA7D,USDT,0xdAC17F958D2ee523a2206206994597C13D831ec7,55845.47065522435,68323.5984019281
0x4affe8d17d001e243cac3b414ab52112b1574103ef550d410e16c7815ae44580,1,sDOLA,0xb45ad160634c528Cc3D2926d9807104FA3157305,frxUSD,0xCAcd6fd266aF91b8AeD52aCCc382b4e165586E29,55186.1560407531,132359.86347748342
0x140fe48783fe88d2a52b31705577d917628caaf74ff79865b39d4c2aa6c2fd3c,1,eUSDe,0x90D2af7d622ca3141efA4d8f1F24d86E5974Cc8F,USDe,0x4c9EDD5852cd905f086C759E8383e09bff1E68B3,54935.62810322316,82989.41149202369
0x973e9dd45799efe8775417bcc420a3ab84a583587b2108985746e2fe201d0c83,1,YFI,0x0bc529c00C6401aEF6D220BE8C6Ea1667F6Ad93e,USDC,0xA0b86991c6218b36c1d19D4a2e9Eb0cE3606eB48,53546.803277598505,86859.41464434499
0xe475337d11be1db07f7c5a156e511f05d1844308e66e17d2ba5da0839d3b34d9,1,sUSDe,0x9D39A5DE30e57443BfF2A8307A4256c8797A3497,DAI,0x6B175474E89094C44Da98b954EedeAC495271d0F,50769.28300284186,65089.78224312292
0x2287407f0f42ad5ad224f70e4d9da37f02770f79959df703d6cfee8afc548e0d,1,STONE,0x7122985656e38BDC0302Db86685bb972b145bD3C,WETH,0xC02aaA39b223FE8D0A0e5C4F27eAD9083C756Cc2,49369.8022197772,53436.98205316977
0x85ab69d50add7daa0934b5224889af0a882f2e3b4572d82c771dd0875f4eaa9b,1,pufETH,0xD9A442856C234a39a81a089C06451EBAa4306a72,WETH,0xC02aaA39b223FE8D0A0e5C4F27eAD9083C756Cc2,48898.75409682993,56021.08917637627
0xf57808b9489bcbe7e7c67fd5227b0a4267a384ebb80301a097e4fa1f3fcb3234,1,BAL,0xba100000625a3754423978a60c9317c58a424e3D,USDC,0xA0b86991c6218b36c1d19D4a2e9Eb0cE3606eB48,46595.41405011468,82985.09444305666
0xdbffac82c2dc7e8aa781bd05746530b0068d80929f23ac1628580e27810bc0c5,1,WETH,0xC02aaA39b223FE8D0A0e5C4F27eAD9083C756Cc2,USDT,0xdAC17F958D2ee523a2206206994597C13D831ec7,45989.49733368023,90918.26566508932
0xa0534c78620867b7c8706e3b6df9e69a2bc67c783281b7a77e034ed75cee012e,1,ezETH,0xbf5495Efe5DB9ce00f80364C8B423567e58d2110,WETH,0xC02aaA39b223FE8D0A0e5C4F27eAD9083C756Cc2,43671.32521356395,47590.73889884391
0x0fc05005f1a0346bc2f29bd5e1da2023d7f93b4a95e211526ea3205329c9d079,1,WBTC,0x2260FAC5E5542a773Aa44fBCfeDf7C193bc2C599,LBTC,0x8236a87084f8B84306f72007F36F2618A5634494,40902.18214207689,45118.674136844136
0x1036170c5ebeaf73da6b26e56a47a2a878ab65a06bbdd82ba490a74fc4f7063f,1,savUSD,0xb8D89678E75a973E74698c976716308abB8a46A4,frxUSD,0xCAcd6fd266aF91b8AeD52aCCc382b4e165586E29,38518.692218896686,134297.18255899916
0x9337a95dcb09d10abb33fdb955dd27b46e345f5510d54d9403f570f8f37b5983,1,WBTC,0x2260FAC5E5542a773Aa44fBCfeDf7C193bc2C599,PYUSD,0x6c3ea9036406852006290770BEdFcAbA0e23A0e8,37547.06246323167,89361.83009007029
0xb23a77bb62863186a99c7e87d1a4f542cb8865eec6536206f0960bb9c00512f5,1,jrUSDe,0xC58D044404d8B14e953C115E67823784dEA53d8F,USDC,0xA0b86991c6218b36c1d19D4a2e9Eb0cE3606eB48,35448.06392776041,43758.51581278511
0x8e6aeb10c401de3279ac79b4b2ea15fc94b7d9cfc098d6c2a1ff7b2b26d9d02c,1,USDe,0x4c9EDD5852cd905f086C759E8383e09bff1E68B3,DAI,0x6B175474E89094C44Da98b954EedeAC495271d0F,30254.95602782167,364557.3138113061
0x3e29fdb9fefb8930c040f661368c505edc5081e86112c6da4238d683f6f282ac,1,wsrUSD,0xd3fD63209FA2D55B07A0f6db36C2f43900be3094,rUSD,0x09D4214C03D01F49544C0448DBE3A27f768F2b34,30072.694570552125,31071.286752980086
0x79b4e55cef9e7c214b5cc965e1984229ada26a66051e35366a75c4d92b776735,1,PT-srUSDe-15JAN2026,0x1Fb3C5c35D95F48e48FFC8e36bCCe5CB5f29F57c,USDC,0xA0b86991c6218b36c1d19D4a2e9Eb0cE3606eB48,29468.869416816895,34791.27288049952
0xc2c53d2b868e163da71de14a5113cc2743fc9b5ad7488334720ed2846566a8f6,1,weETH,0xCd5fE23C85820F7B72D0926FC9b05b43E359b7ee,USDT,0xdAC17F958D2ee523a2206206994597C13D831ec7,28241.42453803778,83091.21717969069
0x883b22b724b422729ec0688e6ed71da1c5105ac6610810624f25263d7c2e7bf3,1,ARM-WETH-eETH,0xfB0A3CF9B019BFd8827443d131b235B3E0FC58d2,WETH,0xC02aaA39b223FE8D0A0e5C4F27eAD9083C756Cc2,27435.42467358227,33751.042366867514
0x7384bd82fb2f2a562555d4aab25583b4e40deed124b7c95dc16be34547434193,1,WETH,0xC02aaA39b223FE8D0A0e5C4F27eAD9083C756Cc2,EURC,0x1aBaEA1f7C830bD89Acc67eC4af516284b1bC33c,24621.603469284342,57858.31914390913
0xc54d7acf14de29e0e5527cabd7a576506870346a78a11a6762e2cca66322ec41,1,wstETH,0x7f39C581F595B53c5cb19bD0b3f8dA6c935E2Ca0,WETH,0xC02aaA39b223FE8D0A0e5C4F27eAD9083C756Cc2,24254.031837120536,29349.978831071305
0xa5beccdffd156dfe8c0871f143648c512f0a34f37c8a4ae2ff31ebfe944641d1,1,sUSDS,0xa3931d71877C0E7a3148CB7Eb4463524FEc27fbD,PYUSD,0x6c3ea9036406852006290770BEdFcAbA0e23A0e8,21300.18984389094,23571.598506237704
0x3c5a244b778095e1e1b2e44b7c2ecc9bf4fda9cd85cc22740e09205a7a4bf510,1,WBTC,0x2260FAC5E5542a773Aa44fBCfeDf7C193bc2C599,USDT,0xdAC17F958D2ee523a2206206994597C13D831ec7,21085.42275244733,30891.722838307578
0x3eb3899b02600e4c5c626a1dc3f9167c08d0675b7adbdd0daf78111574234f8b,1,wstETH,0x7f39C581F595B53c5cb19bD0b3f8dA6c935E2Ca0,USDS,0xdC035D45d973E3EC169d2276DDab16f1e407384F,19370.01967879875,26309.652572467643
0x9d582055d36f8d8b3b5924b9be6b8357fd766c635592a1ca8dac5f31c6acca04,1,ynRWAx,0x01Ba69727E2860b37bc1a2bd56999c1aFb4C15D8,USDC,0xA0b86991c6218b36c1d19D4a2e9Eb0cE3606eB48,18024.252577392923,39434.65403577061
0x2049bea9dfae8189895616ff4bf229c9c664e266b29c9ffe692b100be4879714,1,ARM-WETH-stETH,0x85B78AcA6Deae198fBF201c82DAF6Ca21942acc6,WETH,0xC02aaA39b223FE8D0A0e5C4F27eAD9083C756Cc2,17332.022278820554,19969.681468570518
0x85c7f4374f3a403b36d54cc284983b2b02bbd8581ee0f3c36494447b87d9fcab,1,sUSDe,0x9D39A5DE30e57443BfF2A8307A4256c8797A3497,USDC,0xA0b86991c6218b36c1d19D4a2e9Eb0cE3606eB48,15000.490763949581,31994.57175852346
0x6a6c8e41a6a7ccbea68e1e6a19ece1fdd863b2b6c9e0f71bbcd4dcbe8b1062e8,1,wstETH,0x7f39C581F595B53c5cb19bD0b3f8dA6c935E2Ca0,USDT,0xdAC17F958D2ee523a2206206994597C13D831ec7,14044.336992265517,21038.082752312264
0x6894e287c615cf987993975d4ede5c30e469e4bc901ff8d0f4fd67eb8189f2a8,1,USUALX,0x06B964d96f5dCF7Eae9d7C559B09EDCe244d4B8E,USUAL,0xC4441c2BE5d8fA8126822B9929CA0b81Ea0DE38E,13606.094325328635,14626.817259809752
0x29ae8cad946d861464d5e829877245a863a18157c0cde2c3524434dafa34e476,1,sUSDD,0xC5d6A7B61d18AfA11435a889557b068BB9f29930,USDT,0xdAC17F958D2ee523a2206206994597C13D831ec7,13526.758690092416,15626.3513132042
0xf78b7d3a62437f78097745a5e3117a50c56a02ec5f072cba8d988a129c6d4fb6,1,beraSTONE,0x97Ad75064b20fb2B2447feD4fa953bF7F007a706,WETH,0xC02aaA39b223FE8D0A0e5C4F27eAD9083C756Cc2,11983.497919859019,26734.733696482755
0x554a7c19653b5b58b9e7e8349ae89f50f36298e02b44fb196816fc018fea4031,1,xCVX,0xB90D347e10a085B591955Cbd0603aC7866fCADC8,ZCHF,0xB58E61C3098d85632Df34EecfB899A1Ed80921cB,11812.131285783347,35175.41502133825
0x8bfd8f4f146c660f201a34b7a05d5eade3dc95b7b329210703855b60ad871a24,1,tETH,0xD11c452fc99cF405034ee446803b6F6c1F6d5ED8,WETH,0xC02aaA39b223FE8D0A0e5C4F27eAD9083C756Cc2,11755.068631041693,13875.582526681403
